{
  "minecraft:adventure/root": {
    "criteria": {
      "killed_something": "2024-10-06 09:12:33 -0600"
    },
    "done": true
  },
  "minecraft:adventure/kill_a_mob": {
    "criteria": {
      "minecraft:creeper": "2024-10-06 09:12:33 -0600"
    },
    "done": true
  },
  "minecraft:adventure/kill_all_mobs": {
    "criteria": {
      "minecraft:creeper": "2024-10-06 09:12:33 -0600"
    },
    "done": false
  },
  "minecraft:adventure/adventuring_time": {
    "criteria": {
      "minecraft:deep_ocean": "2024-10-06 09:12:24 -0600",
      "minecraft:beach": "2024-10-06 09:12:48 -0600",
      "minecraft:river": "2024-10-06 10:50:07 -0600",
      "minecraft:cold_ocean": "2024-10-06 09:12:49 -0600",
      "minecraft:jungle": "2024-10-06 10:50:00 -0600",
      "minecraft:plains": "2024-10-06 09:11:43 -0600"
    },
    "done": false
  },
  "DataVersion": 3120
}